Name,Email,Phone,Company
John Smith,john@email.com,123-456,Salesforce
John Smith,john@email.com,123-456,Salesforce
Sarah Lee ,sarah@email.com,555-111,HubSpot
Mike Brown,mike@email,999-888,Shopify
Anna White,anna@email.com,,Stripe
David Jones,david @email.com,111-222,Microsoft
Emily Davis,emily@email.com,333-444,Atlassian
Chris Wilson,Chris@email.com,444-555,Zoom
Sophia Taylor,sophia@email.com,555-666,ServiceNow
Daniel Moore,daniel@email.com,666-777,Slack
Olivia Clark,olivia@email.com,777-888,Shopify
James Hall,james@email.com,888-999,HubSpot
Liam Scott,liam@email.com,999-000,Stripe
Noah Adams,noah@email.com,000-111,Microsoft
Ava Turner,ava@email.com,222-111,Atlassian
Mia King,mia@email.com,333-222,Zoom
Ethan Wright,ethan@email.com,444-333,ServiceNow
Sarah Lee,sarah@email.com,555-111,HubSpot
John Smith,john@email.com,123-456,Salesforce
